ep,success,z_max,cube_init_x,cube_init_y,cube_init_z,ee_to_cube_min,ee_to_cube_at_close,first_close_step,gripper_closed_steps,z_at_first_close,cube_vel_max_after_close,z_at_grasp_max,ep_length,final_state
1,0,0.012599715031683445,0.22259211540222168,-0.09798812866210938,0.012000000104308128,0.045561227947473526,0.04717361181974411,224,776,0.011999951675534248,0.0002019686799030751,0.012000039219856262,1000,3
2,0,0.03804805129766464,0.24724960327148438,-0.01880359649658203,0.012000000104308128,0.04149783030152321,0.04274926334619522,182,818,0.011999947018921375,0.00021815110812895,0.012000052258372307,1000,3
3,0,0.0661306381225586,0.26598310470581055,-0.0931624174118042,0.012000000104308128,0.04396843537688255,0.044632550328969955,200,800,0.011999919079244137,0.00041390801197849214,0.011999991722404957,1000,3
4,0,0.041150473058223724,0.20276713371276855,-0.05863595008850098,0.012000000104308128,0.043751366436481476,0.0445474274456501,194,806,0.011999933049082756,0.00021196673333179206,0.012000060640275478,1000,3
5,0,0.04226259887218475,0.1394411325454712,-0.009948492050170898,0.012000000104308128,0.04343362897634506,0.04400213807821274,204,796,0.01199992373585701,0.00036461284616962075,0.012000026181340218,1000,3
6,0,0.05861802399158478,0.11017012596130371,-0.04674959182739258,0.012000000104308128,0.04444054514169693,0.04495328292250633,206,794,0.011999917216598988,0.0001707834453554824,0.0120000708848238,1000,3
7,0,0.04674792289733887,0.15522706508636475,-0.0581439733505249,0.012000000104308128,0.04260965809226036,0.04345988109707832,196,804,0.011999891139566898,0.000405544153181836,0.012000024318695068,1000,3
8,0,0.05988151580095291,0.2970377206802368,-0.006165504455566406,0.012000000104308128,0.041844453662633896,0.04360015317797661,174,826,0.012000025250017643,0.00021243435912765563,0.012000043876469135,1000,3
9,0,0.05192400515079498,0.12183845043182373,0.0219881534576416,0.012000000104308128,0.043671753257513046,0.044242359697818756,204,796,0.01199994795024395,0.00022466134396381676,0.012000046670436859,1000,3
10,0,0.05087979882955551,0.15081262588500977,-0.06665635108947754,0.012000000104308128,0.043441176414489746,0.04431893676519394,194,806,0.011999949812889099,0.00029259559232741594,0.012000000104308128,1000,3
11,0,0.047430358827114105,0.18218326568603516,-0.07050764560699463,0.012000000104308128,0.04266583174467087,0.04345434531569481,196,804,0.011999945156276226,0.00032079641823656857,0.012000017799437046,1000,3
12,0,0.03097524307668209,0.1961669921875,-0.03755617141723633,0.012000000104308128,0.04365111142396927,0.044426459819078445,196,804,0.011999938637018204,0.00023563414288219064,0.012000055983662605,1000,3
13,0,0.05893518030643463,0.1539325714111328,-0.09078526496887207,0.012000000104308128,0.042662832885980606,0.0435999371111393,192,808,0.011999955400824547,0.0003964508941862732,0.011999978683888912,1000,3
14,0,0.03297378122806549,0.22329258918762207,-0.03417396545410156,0.012000000104308128,0.04363194853067398,0.044315584003925323,198,802,0.011999999172985554,0.000283513538306579,0.012000043876469135,1000,3
15,0,0.05569261312484741,0.28116869926452637,-0.034171462059020996,0.012000000104308128,0.04210074245929718,0.04323393478989601,184,816,0.011999962851405144,0.00024922119337134063,0.012000037357211113,1000,3
16,0,0.05864110589027405,0.25777649879455566,0.08325457572937012,0.012000000104308128,0.0429522767663002,0.043700508773326874,198,802,0.011999862268567085,0.00033354174229316413,0.011999966576695442,1000,3
17,0,0.012759370729327202,0.28409528732299805,-0.08957123756408691,0.012000000104308128,0.04627380520105362,0.04911545664072037,208,792,0.011999944224953651,0.00023134487855713814,0.01200004480779171,1000,3
18,0,0.012000037357211113,0.28293371200561523,0.037253618240356445,0.012000000104308128,0.04312089830636978,0.04604392871260643,178,822,0.012000011280179024,0.00021847816242370754,0.012000037357211113,1000,3
19,0,0.012000038288533688,0.1730670928955078,-0.05236482620239258,0.012000000104308128,0.04549650102853775,0.04598964378237724,228,772,0.011999915353953838,0.0002093342482112348,0.012000038288533688,1000,3
20,0,0.012000036425888538,0.1377391815185547,-0.008984804153442383,0.012000000104308128,0.04670348018407822,0.04673291742801666,254,746,0.011999937705695629,0.00020409899298101664,0.012000036425888538,1000,3
21,0,0.012000035494565964,0.12057209014892578,0.04054880142211914,0.012000000104308128,0.04833230376243591,0.04834894463419914,286,714,0.012000015936791897,0.00019634724594652653,0.012000035494565964,1000,3
22,0,0.012000035494565964,0.1364741325378418,-0.007840871810913086,0.012000000104308128,0.04658219590783119,0.04661034047603607,256,744,0.011999900452792645,0.00019904764485545456,0.012000035494565964,1000,3
23,0,0.012000035494565964,0.13093256950378418,-0.033197641372680664,0.012000000104308128,0.04771537333726883,0.047739554196596146,268,732,0.011999939568340778,0.00019904764485545456,0.012000035494565964,1000,3
24,0,0.012000035494565964,0.2735905647277832,-0.07778573036193848,0.012000000104308128,0.04553378000855446,0.04826922342181206,198,802,0.011999906972050667,0.00019635597709566355,0.012000035494565964,1000,3
25,0,0.012000038288533688,0.19778931140899658,0.019860267639160156,0.012000000104308128,0.04302814230322838,0.043833598494529724,196,804,0.012000005692243576,0.00019631654140539467,0.012000038288533688,1000,3
26,0,0.012000037357211113,0.15484654903411865,0.00690615177154541,0.012000000104308128,0.04574510082602501,0.04590616747736931,232,768,0.012000025250017643,0.00019840501772705466,0.012000037357211113,1000,3
27,0,0.012000037357211113,0.27694249153137207,0.07313787937164307,0.012000000104308128,0.044874515384435654,0.04766019806265831,196,804,0.01199991162866354,0.0002003174740821123,0.012000037357211113,1000,3
28,0,0.012000038288533688,0.18256795406341553,-0.09523344039916992,0.012000000104308128,0.04637763276696205,0.04725099354982376,252,748,0.012000002898275852,0.00019631654140539467,0.012000038288533688,1000,3
29,0,0.012000037357211113,0.2800323963165283,-0.08809947967529297,0.012000000104308128,0.046651966869831085,0.04950239881873131,206,794,0.011999967508018017,0.00020321911142673343,0.012000037357211113,1000,3
30,0,0.057196058332920074,0.25943779945373535,0.07561421394348145,0.012000000104308128,0.043134499341249466,0.04386284202337265,202,798,0.011999906040728092,0.0003568471292965114,0.012000015005469322,1000,3
31,0,0.012000036425888538,0.23590445518493652,-0.058977723121643066,0.012000000104308128,0.04348397254943848,0.045255959033966064,192,808,0.011999919079244137,0.00020781313651241362,0.012000036425888538,1000,3
32,0,0.012000038288533688,0.10501432418823242,-0.0004200935363769531,0.012000000104308128,0.048271358013153076,0.04827145114541054,304,696,0.011999908834695816,0.00020408662385307252,0.012000038288533688,1000,3
33,0,0.012201446108520031,0.15556883811950684,0.08539724349975586,0.012000000104308128,0.04656847193837166,0.04700804129242897,268,732,0.011999956332147121,0.00018156041915062815,0.012000004760921001,1000,3
34,0,0.020597979426383972,0.29894018173217773,0.044809579849243164,0.012000000104308128,0.0421394407749176,0.04499724134802818,178,822,0.011999987997114658,0.000266349088633433,0.012000058777630329,1000,3
35,0,0.08424685895442963,0.27656078338623047,0.07080543041229248,0.012000000104308128,0.0437203049659729,0.0444825105369091,198,802,0.012000049464404583,0.00043771372293122113,0.012000053189694881,1000,3
36,0,0.05487837642431259,0.11299276351928711,0.07562637329101562,0.012000000104308128,0.04598759487271309,0.046048298478126526,244,756,0.01199994795024395,0.0004337951249908656,0.01199998240917921,1000,3
37,0,0.0651802197098732,0.19800734519958496,-0.03819918632507324,0.012000000104308128,0.047946635633707047,0.04795576259493828,292,708,0.011999954469501972,0.00037291544140316546,0.012000002898275852,1000,3
38,0,0.06544839590787888,0.18327128887176514,0.0982903242111206,0.012000000104308128,0.047620680183172226,0.04764311760663986,264,736,0.011999852955341339,0.0002967299660667777,0.011999896727502346,1000,3
39,0,0.09386986494064331,0.2947136163711548,-0.0886085033416748,0.012000000104308128,0.04642663523554802,0.04662022739648819,238,762,0.011999926529824734,0.0002256312727695331,0.012000078335404396,1000,3
40,1,0.12151508778333664,0.10888981819152832,0.09386134147644043,0.012000000104308128,0.04336335137486458,0.04492264986038208,192,808,0.011999988928437233,0.0003057247959077358,0.012000082060694695,1000,3
41,0,0.05548011511564255,0.14510035514831543,0.09293484687805176,0.012000000104308128,0.04389709234237671,0.044838473200798035,198,802,0.011999942362308502,0.0004135477065574378,0.012000005692243576,1000,3
42,0,0.04891879856586456,0.17127490043640137,0.08084940910339355,0.012000000104308128,0.045613016933202744,0.04584750533103943,228,772,0.012000157497823238,0.0007409682730212808,0.01200017612427473,1000,3
43,0,0.05983353406190872,0.26828134059906006,-0.02678501605987549,0.012000000104308128,0.041966184973716736,0.04441762715578079,178,822,0.011999998241662979,0.00028565546381287277,0.01200002059340477,1000,3
44,0,0.0798904225230217,0.16689908504486084,0.048432111740112305,0.012000000104308128,0.04458874091506004,0.045463502407073975,224,776,0.011999886482954025,0.0003896256675943732,0.011999997310340405,1000,3
45,0,0.06006781756877899,0.18959259986877441,-0.0423741340637207,0.012000000104308128,0.047484032809734344,0.050058625638484955,216,784,0.01199986133724451,0.0003533902927301824,0.011999985203146935,1000,3
46,0,0.012000038288533688,0.14444637298583984,0.09661316871643066,0.012000000104308128,0.047881998121738434,0.048275068402290344,292,708,0.012000028043985367,0.0002067960740532726,0.012000036425888538,1000,3
47,0,0.061644554138183594,0.1559140682220459,0.00613248348236084,0.012000000104308128,0.044119179248809814,0.04554348811507225,204,796,0.011999882757663727,0.0004075721953995526,0.012000002898275852,1000,3
48,0,0.09826747328042984,0.29404449462890625,0.05057048797607422,0.012000000104308128,0.045830316841602325,0.045935992151498795,242,758,0.01199988555163145,0.00032307731453329325,0.012000033631920815,1000,3
49,0,0.012027328833937645,0.25480222702026367,-0.028028249740600586,0.012000000104308128,0.04086722806096077,0.04304893687367439,176,824,0.011999997310340405,0.00022698201064486057,0.01200005691498518,1000,3
50,0,0.03366948664188385,0.24904799461364746,0.0040130615234375,0.012000000104308128,0.04404202103614807,0.04702942445874214,180,820,0.011999967508018017,0.0002361458755331114,0.012000025250017643,1000,3
51,0,0.012000038288533688,0.17152118682861328,0.08711409568786621,0.012000000104308128,0.046059053391218185,0.046710073947906494,256,744,0.012000021524727345,0.0002093342482112348,0.012000038288533688,1000,3
52,0,0.012000037357211113,0.22243762016296387,0.00013256072998046875,0.012000000104308128,0.04169534519314766,0.04301639646291733,180,820,0.011999928392469883,0.00020321911142673343,0.012000037357211113,1000,3
53,0,0.012000038288533688,0.2113274335861206,-0.06296396255493164,0.012000000104308128,0.04394112899899483,0.04515393450856209,206,794,0.012000019662082195,0.00019631654140539467,0.012000038288533688,1000,3
54,0,0.012000037357211113,0.24708402156829834,0.09879934787750244,0.012000000104308128,0.04679190367460251,0.04898511618375778,218,782,0.011999986134469509,0.00019840501772705466,0.012000037357211113,1000,3
55,0,0.012000036425888538,0.19876110553741455,0.08533143997192383,0.012000000104308128,0.04613287001848221,0.04721485823392868,230,770,0.012000024318695068,0.00019960058853030205,0.012000035494565964,1000,3
56,0,0.012000035494565964,0.20562481880187988,0.026327848434448242,0.012000000104308128,0.04310416802763939,0.044075947254896164,192,808,0.01199993398040533,0.00019635597709566355,0.012000035494565964,1000,3
57,0,0.012000038288533688,0.16743838787078857,-0.0187375545501709,0.012000000104308128,0.04518188536167145,0.04550956189632416,220,780,0.011999925598502159,0.00019631654140539467,0.012000038288533688,1000,3
58,0,0.012000037357211113,0.2740757465362549,-0.01987171173095703,0.012000000104308128,0.04087037220597267,0.04359026253223419,174,826,0.012000001035630703,0.00020035995112266392,0.012000037357211113,1000,3
59,0,0.012000036425888538,0.15755486488342285,0.03816664218902588,0.012000000104308128,0.04539911448955536,0.045643676072359085,238,762,0.011999959126114845,0.000199925692868419,0.012000036425888538,1000,3
60,0,0.012000037357211113,0.2903291583061218,-0.08021378517150879,0.012000000104308128,0.04761341214179993,0.05062956362962723,200,800,0.011999940499663353,0.00019641287508420646,0.012000037357211113,1000,3
61,0,0.012000037357211113,0.2965683937072754,0.09778070449829102,0.012000000104308128,0.050957296043634415,0.05399563908576965,214,786,0.012000012211501598,0.00020410676370374858,0.012000036425888538,1000,3
62,0,0.04597301781177521,0.13921117782592773,0.02740621566772461,0.012000000104308128,0.048182349652051926,0.04845781251788139,286,714,0.011999913491308689,0.00024402522831223905,0.01200004480779171,1000,3
63,0,0.012000038288533688,0.268343448638916,-0.06899547576904297,0.012000000104308128,0.04474124312400818,0.04734523966908455,192,808,0.011999930255115032,0.00020784420485142618,0.012000038288533688,1000,3
64,0,0.012000038288533688,0.19562911987304688,-0.03787374496459961,0.012000000104308128,0.04414001852273941,0.04494747519493103,202,798,0.011999936774373055,0.00020406498515512794,0.012000037357211113,1000,3
65,0,0.012716583907604218,0.12926840782165527,-0.012057781219482422,0.012000000104308128,0.04684392362833023,0.04686959832906723,260,740,0.01199997216463089,0.00021004368318244815,0.012000037357211113,1000,3
66,0,0.033971451222896576,0.2597475051879883,0.07559442520141602,0.012000000104308128,0.04385869577527046,0.047038521617650986,180,820,0.01199998427182436,0.00025968605768866837,0.012000042013823986,1000,3
67,0,0.09573999792337418,0.2701759338378906,-0.06854915618896484,0.012000000104308128,0.0453236885368824,0.04583250358700752,232,768,0.011999945156276226,0.0003524739295244217,0.011999987065792084,1000,3
68,0,0.04706230014562607,0.2910594940185547,0.029404401779174805,0.012000000104308128,0.0412575900554657,0.04302751645445824,174,826,0.011999827809631824,0.00044919142965227365,0.012000004760921001,1000,3
69,0,0.028874777257442474,0.24119806289672852,-0.07544064521789551,0.012000000104308128,0.04438112676143646,0.045444075018167496,206,794,0.012000015936791897,0.00021433248184621334,0.012000035494565964,1000,3
70,0,0.09214449673891068,0.20322835445404053,-0.06955623626708984,0.012000000104308128,0.044138628989458084,0.046332769095897675,194,806,0.01199998427182436,0.0002140447759302333,0.012000055983662605,1000,3
71,0,0.05435912311077118,0.2746710777282715,0.04291272163391113,0.012000000104308128,0.04570141062140465,0.04714806750416756,224,776,0.011999906972050667,0.00037351332139223814,0.012000015005469322,1000,3
72,0,0.04004695639014244,0.2319502830505371,0.07905340194702148,0.012000000104308128,0.04299911484122276,0.04405282437801361,200,800,0.011999903246760368,0.00023489785962738097,0.012000045739114285,1000,3
73,0,0.05104692280292511,0.22589421272277832,-0.07250118255615234,0.012000000104308128,0.044209517538547516,0.044840257614851,202,798,0.011999965645372868,0.0003867456689476967,0.012000001035630703,1000,3
74,0,0.065884068608284,0.19357895851135254,0.0580296516418457,0.012000000104308128,0.0407838337123394,0.04309718683362007,176,824,0.01199997030198574,0.00040690938476473093,0.012000016868114471,1000,3
75,0,0.06998744606971741,0.27278637886047363,0.010255932807922363,0.012000000104308128,0.044096048921346664,0.0448036752641201,202,798,0.011999928392469883,0.0002841865934897214,0.012000040151178837,1000,3
76,0,0.035130999982357025,0.28146064281463623,-0.03553438186645508,0.012000000104308128,0.04521804675459862,0.04833710938692093,190,810,0.012000027112662792,0.0002835163031704724,0.012000048533082008,1000,3
77,1,0.11276941001415253,0.15749406814575195,-0.08503198623657227,0.012000000104308128,0.0427471362054348,0.045178547501564026,188,812,0.01199995819479227,0.0003895961563102901,0.012000014074146748,1000,3
78,0,0.012000038288533688,0.10479593276977539,-0.08738911151885986,0.012000000104308128,0.04946796968579292,0.04949893057346344,338,662,0.011999952606856823,0.00020781411149073392,0.012000038288533688,1000,3
79,0,0.0938277393579483,0.15409517288208008,0.06464493274688721,0.012000000104308128,0.04228069260716438,0.04450415447354317,182,818,0.011999936774373055,0.00021228495461400598,0.012000055983662605,1000,3
80,0,0.07319974899291992,0.1250474452972412,0.07340002059936523,0.012000000104308128,0.043398167937994,0.04400932043790817,202,798,0.011999954469501972,0.00041130546014755964,0.011999993585050106,1000,3
81,0,0.012848465703427792,0.14163756370544434,0.051661014556884766,0.012000000104308128,0.04722921922802925,0.047322679311037064,260,740,0.011999995447695255,0.00029027072014287114,0.012000034563243389,1000,3
82,0,0.0895608440041542,0.13213038444519043,0.018279671669006348,0.012000000104308128,0.04245046526193619,0.04436859115958214,182,818,0.011999969370663166,0.00019993136811535805,0.012000057846307755,1000,3
83,0,0.012000037357211113,0.285158634185791,0.05506420135498047,0.012000000104308128,0.04417196661233902,0.047133609652519226,186,814,0.011999989859759808,0.00021847816242370754,0.012000037357211113,1000,3
84,0,0.012000037357211113,0.23705744743347168,-0.05856060981750488,0.012000000104308128,0.043064430356025696,0.044865239411592484,192,808,0.011999944224953651,0.0002040176186710596,0.012000037357211113,1000,3
85,0,0.020262911915779114,0.2035067081451416,-0.04187583923339844,0.012000000104308128,0.04473017901182175,0.045829176902770996,208,792,0.011999803595244884,0.0010578694054856896,0.0119998250156641,1000,3
86,0,0.012000036425888538,0.2064952850341797,-0.06819498538970947,0.012000000104308128,0.04458744078874588,0.045725200325250626,212,788,0.01199999451637268,0.000199925692868419,0.012000036425888538,1000,3
87,0,0.012000036425888538,0.1251530647277832,-0.08404219150543213,0.012000000104308128,0.04832244664430618,0.048464901745319366,306,694,0.0120000084862113,0.000199925692868419,0.012000036425888538,1000,3
88,0,0.012000038288533688,0.16253530979156494,0.0967104434967041,0.012000000104308128,0.04735216870903969,0.04794963449239731,272,728,0.012000026181340218,0.00019631654140539467,0.012000038288533688,1000,3
89,0,0.012000038288533688,0.10576498508453369,0.08414840698242188,0.012000000104308128,0.048681024461984634,0.04870041459798813,336,664,0.01199992373585701,0.00019631654140539467,0.012000038288533688,1000,3
90,0,0.012000038288533688,0.23789775371551514,0.07638728618621826,0.012000000104308128,0.044073984026908875,0.04596179351210594,204,796,0.011999955400824547,0.0002003099798457697,0.012000038288533688,1000,3
91,0,0.012000038288533688,0.2479400634765625,0.026350855827331543,0.012000000104308128,0.04147696495056152,0.043486639857292175,176,824,0.011999936774373055,0.00020004097314085811,0.012000038288533688,1000,3
92,0,0.012000035494565964,0.20607376098632812,-0.08302187919616699,0.012000000104308128,0.04497712850570679,0.04618919640779495,224,776,0.012000015005469322,0.00019634724594652653,0.012000035494565964,1000,3
93,0,0.012000037357211113,0.23903679847717285,-0.004067659378051758,0.012000000104308128,0.04146056994795799,0.04320947080850601,174,826,0.011999920010566711,0.00020321911142673343,0.012000037357211113,1000,3
94,0,0.07199350744485855,0.22712087631225586,-0.03665447235107422,0.012000000104308128,0.047699764370918274,0.0478973388671875,282,718,0.011999991722404957,0.00045194418635219336,0.012000050395727158,1000,3
95,0,0.012000038288533688,0.2735896110534668,-0.019620895385742188,0.012000000104308128,0.04079073294997215,0.043499384075403214,174,826,0.011999942362308502,0.00020784420485142618,0.012000038288533688,1000,3
96,0,0.012000037357211113,0.25739192962646484,0.03624987602233887,0.012000000104308128,0.04170748591423035,0.04398889094591141,178,822,0.012000005692243576,0.00020410676370374858,0.012000036425888538,1000,3
97,0,0.013057357631623745,0.15039348602294922,-0.07052946090698242,0.012000000104308128,0.04654039815068245,0.04679672420024872,260,740,0.011999961920082569,0.0002175195695599541,0.012000031769275665,1000,3
98,0,0.012000041082501411,0.27557849884033203,-0.09566390514373779,0.012000000104308128,0.04696348309516907,0.0497170090675354,212,788,0.01199993398040533,0.00021757054491899908,0.012000041082501411,1000,3
99,0,0.023394983261823654,0.2842288017272949,0.032185912132263184,0.012000000104308128,0.0442345067858696,0.04717505723237991,190,810,0.012000004760921001,0.00019964347302448004,0.01200004480779171,1000,3
100,0,0.0462663397192955,0.16959285736083984,-0.08039236068725586,0.012000000104308128,0.04409876838326454,0.04555584490299225,200,800,0.011999868787825108,0.0005286039668135345,0.011999975889921188,1000,3
