step,phase,raw_grip_cmd,jpos_shoulder_pan,jpos_shoulder_lift,jpos_elbow_flex,jpos_wrist_flex,jpos_wrist_roll,jpos_gripper,jpos_left_proximal,jpos_right_proximal,jpos_left_distal,jpos_right_distal,jvel_shoulder_pan,jvel_shoulder_lift,jvel_elbow_flex,jvel_wrist_flex,jvel_wrist_roll,jvel_gripper,jvel_left_proximal,jvel_right_proximal,jvel_left_distal,jvel_right_distal,jtorque_shoulder_pan,jtorque_shoulder_lift,jtorque_elbow_flex,jtorque_wrist_flex,jtorque_wrist_roll,jtorque_gripper,jtorque_left_proximal,jtorque_right_proximal,jtorque_left_distal,jtorque_right_distal,tip_distance
0,close,-1.0,0.0,0.0,0.0,1.5700000524520874,0.0,0.0,0.0,0.0,0.0,0.0,0.0,0.0,0.0,0.0,0.0,0.0,0.0,0.0,0.0,0.0,0.0,0.0,0.0,-1.899999976158142,0.0,0.0,0.0,0.0,0.0,0.0,0.09088798612356186
1,close,-1.0,-2.5489334802841768e-06,0.002365660620853305,0.00016802539175841957,1.56999671459198,-1.0233899047307204e-05,-1.8291130762793095e-11,-0.03000004030764103,0.02096092328429222,0.030115889385342598,-0.021268682554364204,-3.1354006750916597e-06,0.003006296930834651,-0.0014033776242285967,-0.0001496621989645064,-7.846282096579671e-05,-1.8158746684093785e-07,-1.5000003576278687,1.4984666109085083,1.5000001192092896,-1.5016496181488037,-0.3289361596107483,-0.608193039894104,0.06288578361272812,-0.057132791727781296,-0.2991308569908142,0.0,-2.5,2.5,0.0,0.0,0.08895085006952286
2,close,-1.0,-2.6093298401974607e-06,0.004640745464712381,0.0003259689547121525,1.5699886083602905,-1.1667536455206573e-05,2.468009791759679e-13,-0.06000008061528206,0.05098141357302666,0.060221605002880096,-0.05176975578069687,-2.9537850423366763e-06,-0.0029972130432724953,-0.0018215766176581383,-0.00012247245467733592,-7.574392657261342e-05,-1.4855626773169206e-07,-1.5000008344650269,1.4985145330429077,1.5000005960464478,-1.5015960931777954,0.0007648466853424907,-0.5966939926147461,0.042997095733881,0.00467662513256073,0.0020971857011318207,0.0,-2.5,2.5,0.0,0.0,0.08664970099925995
3,close,-1.0,-2.669179593794979e-06,0.0067988233640789986,0.00047076301416382194,1.5699816942214966,-1.3093282177578658e-05,-5.057223303323033e-12,-0.09000007808208466,0.08100040256977081,0.09032034873962402,-0.08223617821931839,-2.6057409741042648e-06,-0.008716831915080547,-0.002201175782829523,-9.821695857681334e-05,-7.219813414849341e-05,-1.1460045357125637e-07,-1.5000008344650269,1.498595952987671,1.5000007152557373,-1.5015051364898682,0.0007503785891458392,-0.5916177034378052,0.0427103154361248,0.004496424458920956,0.0020985580049455166,0.0,-1.4999866485595703,2.0694141387939453,0.0,0.0,0.08432912826538086
4,close,-1.0,-2.4073815438896418e-06,0.008846062235534191,0.0006035421974956989,1.5699758529663086,-1.344556403637398e-05,2.1270164449194162e-11,-0.11958768218755722,0.1110188439488411,0.12000017613172531,-0.11266590654850006,-0.0003207567788194865,-0.014157425612211227,-0.002503289608284831,-0.00023716455325484276,-0.0013027150416746736,-5.157399300514953e-06,-1.4720038175582886,1.4693262577056885,1.4719985723495483,-1.472003698348999,0.006486269645392895,-0.5869139432907104,0.041580408811569214,0.005540806800127029,0.007845106534659863,0.0,0.17838096618652344,0.4157886505126953,0.0,0.0,0.08200730383396149
5,close,-1.0,-1.4897923392709345e-06,0.010788170620799065,0.0007250916678458452,1.5699715614318848,-1.126342158386251e-05,5.033698111112095e-11,-0.14754021167755127,0.141037255525589,0.14803877472877502,-0.14299386739730835,-0.000790393736679107,-0.019345037639141083,-0.0027730739675462246,-0.00044240622082725167,-0.003139832755550742,-1.0357856808695942e-05,-1.4297057390213013,1.4277582168579102,1.4296953678131104,-1.4297056198120117,0.04515617713332176,-0.5799983739852905,0.03895966708660126,0.012384104542434216,0.04523685202002525,0.0,1.0379104614257812,-0.5255012512207031,0.0,0.0,0.07973470538854599
6,close,-1.0,5.435729377722964e-08,0.012630484066903591,0.0008362001972272992,1.5699681043624878,-6.379809747159015e-06,9.212157425775302e-11,-0.17386634647846222,0.17105542123317719,0.17444534599781036,-0.17311382293701172,-0.0012299026129767299,-0.024261530488729477,-0.003023463999852538,-0.0006296415813267231,-0.004904238507151604,-1.3191648577048909e-05,-1.3895841836929321,1.388907790184021,1.389570951461792,-1.3895841836929321,0.08126810193061829,-0.5732929706573486,0.036693863570690155,0.018584582954645157,0.081084705889225,0.0,1.8416194915771484,-1.5228652954101562,0.0,0.0,0.07751397043466568
7,close,-1.0,2.2329975308821304e-06,0.014378216117620468,0.0009376945672556758,1.5699652433395386,1.4091017419559648e-06,7.714141825321263e-11,-0.19866076111793518,0.20106565952301025,0.19931486248970032,-0.20292434096336365,-0.001640191301703453,-0.028921129181981087,-0.0032583812717348337,-0.0007954115862958133,-0.006593385711312294,-1.3975769434182439e-05,-1.3515321016311646,1.3525948524475098,1.351518154144287,-1.351531982421875,0.11487746238708496,-0.5672286748886108,0.03485575318336487,0.02413816936314106,0.11530942469835281,0.0,2.5,-2.5,0.0,0.0,0.07534431666135788
8,close,-1.0,5.043630608270178e-06,0.01603630743920803,0.001030357088893652,1.5699635744094849,1.2259642062417697e-05,8.107604171359029e-11,-0.22201251983642578,0.2310033142566681,0.22273677587509155,-0.23228268325328827,-0.002020623069256544,-0.03333653137087822,-0.003479328937828541,-0.0009403543663211167,-0.008197114802896976,-1.2947924005857203e-05,-1.3148351907730103,1.3180193901062012,1.3148223161697388,-1.3148351907730103,0.14606942236423492,-0.5617709159851074,0.03345789760351181,0.02896912209689617,0.14786691963672638,0.0,2.5,-2.5,0.0,0.0,0.0732271671295166
9,close,-1.0,8.296196028823033e-06,0.01760946772992611,0.0011148953344672918,1.5699623823165894,2.565913564467337e-05,8.702721182585194e-11,-0.24400560557842255,0.26041603088378906,0.24479526281356812,-0.2606811225414276,-0.002172143431380391,-0.03750184550881386,-0.0037087411619722843,-0.0009755667415447533,-0.008892906829714775,-9.537970072415192e-06,-1.2615553140640259,1.2670825719833374,1.2615457773208618,-1.2615553140640259,0.17390525341033936,-0.5571017265319824,0.03259921073913574,0.03298965096473694,0.17755641043186188,0.0,2.5,-2.5,0.0,0.0,0.07117918878793716
10,close,-1.0,1.0981080777128227e-05,0.01910209469497204,0.0011919396929442883,1.5699611902236938,3.7843448808416724e-05,-1.075349791851421e-11,-0.2647188901901245,0.28729161620140076,0.26556962728500366,-0.28613048791885376,-0.0015255253529176116,-0.04139259085059166,-0.00398270646110177,-0.0006651604198850691,-0.006315149366855621,-3.867262876156019e-06,-1.1422334909439087,1.1497222185134888,1.1422295570373535,-1.1422334909439087,0.15050607919692993,-0.5561542510986328,0.03453376889228821,0.028346983715891838,0.15527305006980896,0.0,2.5,-2.5,0.0,0.0,0.06927967816591263
11,close,-1.0,1.2722525752906222e-05,0.02051810920238495,0.0012622169451788068,1.5699597597122192,4.670789712690748e-05,-8.501352399825635e-11,-0.2842268645763397,0.31049004197120667,0.2851347029209137,-0.3076438307762146,-0.0006938012666068971,-0.04507117345929146,-0.00423932820558548,-0.00029425969114527106,-0.00291476515121758,-6.412147968148929e-07,-1.0104060173034668,1.018905520439148,1.010405421257019,-1.0104061365127563,0.08621646463871002,-0.557680606842041,0.03782831132411957,0.017466401681303978,0.09015671163797379,0.0,1.9910888671875,-2.5,0.0,0.0,0.06757306307554245
12,close,-1.0,1.3557107195083518e-05,0.021861482411623,0.001326324068941176,1.5699580907821655,5.1967508625239134e-05,-1.0735996119892732e-10,-0.30259960889816284,0.3301100432872772,0.3035608232021332,-0.3255082368850708,4.603464913088828e-05,-0.04856739193201065,-0.004462937358766794,2.4597906303824857e-05,0.0001611852494534105,-1.9909974469101144e-07,-0.8900415897369385,0.8985873460769653,0.8900413513183594,-0.8900415301322937,0.021816568449139595,-0.5591013431549072,0.040592923760414124,0.007077655754983425,0.02366490475833416,0.0,0.5776805877685547,-2.3805713653564453,0.0,0.0,0.0660538524389267
13,close,-1.0,1.361796421406325e-05,0.02313602715730667,0.0013847759691998363,1.5699559450149536,5.3897671023150906e-05,-1.3729796466410704e-10,-0.31990325450897217,0.34661853313446045,0.3209143877029419,-0.3403521180152893,0.0006301928078755736,-0.05189405009150505,-0.004657371900975704,0.0002737119793891907,0.002626734785735607,-1.634325258237368e-06,-0.7864879965782166,0.794302761554718,0.7864863872528076,-0.7864879369735718,-0.03137965500354767,-0.5598709583282471,0.04260113835334778,-0.0012790672481060028,-0.0321381539106369,0.0,-0.5944728851318359,-1.2111730575561523,0.0,0.0,0.06470155715942383
14,close,-1.0,1.3048947948846035e-05,0.024345364421606064,0.0014380193315446377,1.5699535608291626,5.291715569910593e-05,-1.1465182969683241e-10,-0.3362000286579132,0.3605268597602844,0.3372577726840973,-0.3528079390525818,0.0010631877230480313,-0.05505875125527382,-0.0048282938078045845,0.00046074079000391066,0.004481591749936342,-4.056727448187303e-06,-0.6991655826568604,0.7056858539581299,0.6991614699363708,-0.6991655826568604,-0.07182428985834122,-0.5600202083587646,0.044105395674705505,-0.00760243646800518,-0.07520876079797745,0.0,-1.491166114807129,-0.1949615478515625,0.0,0.0,0.06349349021911621
15,close,-1.0,1.1978902875853237e-05,0.025492889806628227,0.0014864631230011582,1.5699509382247925,4.9448091886006296e-05,-1.4081909249785696e-10,-0.3515484929084778,0.3722938597202301,0.3526497781276703,-0.36341798305511475,0.0013681453419849277,-0.05806853622198105,-0.004980016034096479,0.0005973649094812572,0.005808951798826456,-6.842781658633612e-06,-0.6258975267410278,0.6307477355003357,0.6258906722068787,-0.6258974671363831,-0.10091844946146011,-0.55965256690979,0.04524008929729462,-0.012209458276629448,-0.10667506605386734,0.0,-2.142139434814453,0.6679306030273438,0.0,0.0,0.06240927428007126
16,close,-1.0,1.0515912435948849e-05,0.026581812649965286,0.001530481269583106,1.5699481964111328,4.3873515096493065e-05,-1.3415758781665232e-10,-0.3660038411617279,0.38230520486831665,0.3671458661556244,-0.3726201355457306,0.001570290420204401,-0.06092981994152069,-0.005114350933581591,0.0006938417791388929,0.0067059011198580265,-9.591960406396538e-06,-0.564334511756897,0.567290186882019,0.5643249154090881,-0.5643345713615417,-0.12070414423942566,-0.5589265823364258,0.04612909257411957,-0.015464544296264648,-0.1284516155719757,0.0,-2.5,1.3958425521850586,0.0,0.0,0.061431314796209335
17,close,-1.0,8.748997970542405e-06,0.02761516161262989,0.001570418244227767,1.5699450969696045,3.6528439522953704e-05,-1.5560226718225323e-10,-0.3796180486679077,0.3908771276473999,0.3807980716228485,-0.38075846433639526,0.0016920650377869606,-0.0636490136384964,-0.005234314128756523,0.0007594585185870528,0.007261538878083229,-1.2075440281478222e-05,-0.5123767256736755,0.5133295059204102,0.5123646259307861,-0.5123767256736755,-0.1331309974193573,-0.5579476356506348,0.046815723180770874,-0.017640214413404465,-0.1424468457698822,0.0,-2.5,2.010085105895996,0.0,0.0,0.060544922947883606
18,close,-1.0,6.750194643245777e-06,0.028595805168151855,0.0016065884847193956,1.5699416399002075,2.7701904400601052e-05,-1.435842555963518e-10,-0.3924400210380554,0.3982662856578827,0.3936556875705719,-0.3880990743637085,0.0017520561814308167,-0.06623241305351257,-0.005340887699276209,0.0008014579652808607,0.007551299873739481,-1.4173005183693022e-05,-0.46826624870300293,0.4671948552131653,0.468252032995224,-0.46826624870300293,-0.1398572027683258,-0.5567927360534668,0.04734569787979126,-0.018964048475027084,-0.1503247171640396,0.0,-2.5,2.5,0.0,0.0,0.059737905859947205
19,close,-1.0,4.577899744617753e-06,0.029526440426707268,0.0016392883844673634,1.569938063621521,1.7642503735260107e-05,-1.315757225395231e-10,-0.4045158624649048,0.40468016266822815,0.40576496720314026,-0.39484527707099915,0.0017652211245149374,-0.06868661195039749,-0.005434575956314802,0.000824632472358644,0.007636889349669218,-1.584130041010212e-05,-0.430564284324646,0.4275108575820923,0.43054836988449097,-0.4305642247200012,-0.14223146438598633,-0.5555338859558105,0.04771769046783447,-0.01964075118303299,-0.15346598625183105,0.0,-2.5,2.5,0.0,0.0,0.05900014191865921
20,close,-1.0,2.2791753053752473e-06,0.030409643426537514,0.0016687882598489523,1.5699341297149658,6.563796432601521e-06,-1.2184350750565898e-10,-0.41588905453681946,0.4102862775325775,0.41716936230659485,-0.4011510908603668,0.001743410830385983,-0.07101734727621078,-0.0055166855454444885,0.0008327881805598736,0.007568009663373232,-1.7080941688618623e-05,-0.39810702204704285,0.39315885305404663,0.3980898857116699,-0.39810705184936523,-0.1413322389125824,-0.5542049407958984,0.04795457422733307,-0.019795233383774757,-0.15299203991889954,0.0,-2.5,2.5,0.0,0.0,0.05832314491271973
21,close,-1.0,-1.0806299144405784e-07,0.031247854232788086,0.001695340732112527,1.569930076599121,-5.350470928533468e-06,-1.0784770992922077e-10,-0.42660045623779297,0.4152202904224396,0.42790985107421875,-0.40713146328926086,0.0016959455097094178,-0.07323052734136581,-0.005588643252849579,0.0008299618493765593,0.00738420570269227,-1.7909585949382745e-05,-0.36995604634284973,0.3632308542728424,0.36993807554244995,-0.36995601654052734,-0.13800959289073944,-0.5528368949890137,0.048042237758636475,-0.01954510621726513,-0.14980149269104004,0.0,-2.5,2.5,0.0,0.0,0.05769980326294899
22,close,-1.0,-2.553246304159984e-06,0.03204335644841194,0.0017191803781315684,1.5699260234832764,-1.7941887563210912e-05,-1.0352284307568738e-10,-0.43668869137763977,0.4195919930934906,0.43802520632743835,-0.41287127137184143,0.0016301344148814678,-0.0753321647644043,-0.005650518927723169,0.000817786727566272,0.007116919383406639,-1.8369195458944887e-05,-0.3453543186187744,0.3369894027709961,0.3453359305858612,-0.3453543484210968,-0.13293123245239258,-0.5514564514160156,0.04800969362258911,-0.018984176218509674,-0.144608274102211,0.0,-2.5,2.5,0.0,0.0,0.05712420865893364
23,close,-1.0,-5.031725777371321e-06,0.03279836103320122,0.0017405195394530892,1.569921612739563,-3.107363954768516e-05,-9.348304769174476e-11,-0.44618988037109375,0.4234906733036041,0.44755178689956665,-0.4184321463108063,0.0015516425482928753,-0.07732772827148438,-0.005703525152057409,0.0007987975841388106,0.0067907883785665035,-1.850390799518209e-05,-0.32369303703308105,0.3138370215892792,0.3236744999885559,-0.32369309663772583,-0.12661612033843994,-0.5500898361206055,0.04790233075618744,-0.01817331090569496,-0.1379757970571518,0.0,-2.5,2.5,0.0,0.0,0.056591302156448364
24,close,-1.0,-7.523607564507984e-06,0.03351492062211037,0.0017595607787370682,1.56991708278656,-4.4627282477449626e-05,-8.31256452560325e-11,-0.4551381766796112,0.4269886314868927,0.4565238654613495,-0.4238576591014862,0.0014648567885160446,-0.07922239601612091,-0.005748129915446043,0.0007754363468848169,0.006425142288208008,-1.8358381566940807e-05,-0.3044798970222473,0.29328614473342896,0.3044615089893341,-0.3044798970222473,-0.11946884542703629,-0.5487408638000488,0.047669410705566406,-0.017174484208226204,-0.13034756481647491,0.0,-2.5,2.5,0.0,0.0,0.05609673634171486
25,close,-1.0,-1.0013037353928667e-05,0.034195005893707275,0.0017764889635145664,1.5699126720428467,-5.85002162551973e-05,-8.873318746438486e-11,-0.4635658264160156,0.43014517426490784,0.4649738073348999,-0.42917752265930176,0.001373141654767096,-0.0810210183262825,-0.005785709246993065,0.0007481998181901872,0.006034964695572853,-1.7979369658860378e-05,-0.28731799125671387,0.27494001388549805,0.2872999608516693,-0.28731802105903625,-0.111801378428936,-0.5474238395690918,0.0473613440990448,-0.016048260033130646,-0.12207067012786865,0.0,-2.5,2.5,0.0,0.0,0.0556369386613369
26,close,-1.0,-1.2487322237575427e-05,0.03484048321843147,0.0017914784839376807,1.5699082612991333,-7.260324491653591e-05,-8.197940937204606e-11,-0.47150301933288574,0.4330088794231415,0.4729318916797638,-0.4344116449356079,0.0012790693435817957,-0.08272866904735565,-0.005816386081278324,0.0007177531952038407,0.005631843116134405,-1.7407321138307452e-05,-0.2718851566314697,0.25847330689430237,0.27186769247055054,-0.2718851566314697,-0.10385062545537949,-0.5461444854736328,0.046971723437309265,-0.014835871756076813,-0.11341167241334915,0.0,-2.356307029724121,2.5,0.0,0.0,0.055208608508110046
27,close,-1.0,-1.4936245861463249e-05,0.03545312210917473,0.0018046845216304064,1.5699037313461304,-8.685894135851413e-05,-5.5754751510095346e-11,-0.47897839546203613,0.43561938405036926,0.48042672872543335,-0.4395717978477478,0.0011845777044072747,-0.08434974402189255,-0.005841364152729511,0.0006862051086500287,0.005224618129432201,-1.6676875020493753e-05,-0.2579196095466614,0.24361856281757355,0.2579028606414795,-0.2579196095466614,-0.09579884260892868,-0.5449023246765137,0.046524226665496826,-0.013538826256990433,-0.10457983613014221,0.0,-2.187526226043701,2.5,0.0,0.0,0.05480905622243881
28,close,-1.0,-1.7351689166389406e-05,0.03603458032011986,0.0018162601627409458,1.569899320602417,-0.00010119985381606966,-4.3355364437447363e-11,-0.4860188066959381,0.438009649515152,0.4874853789806366,-0.44466421008110046,0.0010910971323028207,-0.08588824421167374,-0.005860459059476852,0.0006536279106512666,0.004819879308342934,-1.5823912690393627e-05,-0.24520955979824066,0.23015668988227844,0.24519366025924683,-0.24520955979824066,-0.08778145909309387,-0.5437092781066895,0.0460379421710968,-0.012209707871079445,-0.0957307294011116,0.0,-2.0185341835021973,2.5,0.0,0.0,0.05443578213453293
29,close,-1.0,-1.9727191101992503e-05,0.036586470901966095,0.0018263396341353655,1.5698950290679932,-0.00011556743993423879,-3.477239676752397e-11,-0.49264952540397644,0.440206915140152,0.4941331148147583,-0.4496909976005554,0.0009996993467211723,-0.08734884113073349,-0.005875557195395231,0.0006200946518220007,0.004422676283866167,-1.4878735782986041e-05,-0.2335798144340515,0.21790418028831482,0.2335648536682129,-0.23357978463172913,-0.07989776879549026,-0.5425729751586914,0.04549679160118103,-0.010875685140490532,-0.08698226511478424,0.0,-1.8515849113464355,2.5,0.0,0.0,0.05408671870827675
30,close,-1.0,-2.2057829482946545e-05,0.03711029514670372,0.0018350462196394801,1.5698907375335693,-0.000129910753457807,-1.4275849599676427e-11,-0.4988943934440613,0.44223397970199585,0.5003939867019653,-0.454651415348053,0.0009111109538935125,-0.08873531222343445,-0.005885978229343891,0.0005865648854523897,0.004036514088511467,-1.386132680636365e-05,-0.2228892743587494,0.20671094954013824,0.22287535667419434,-0.22288931906223297,-0.07222156226634979,-0.5414853096008301,0.044962212443351746,-0.009537197649478912,-0.07842333614826202,0.0,-1.688377857208252,2.5,0.0,0.0,0.05376001447439194
31,close,-1.0,-2.433961162751075e-05,0.03760748356580734,0.001842499477788806,1.5698864459991455,-0.00014418549835681915,-1.2310366268031281e-11,-0.5047759413719177,0.4441100060939789,0.5062903761863708,-0.4595429003238678,0.0008258631569333375,-0.09005124866962433,-0.005892998538911343,0.0005541444988921285,0.0036639657337218523,-1.2803277968487237e-05,-0.21301954984664917,0.19644930958747864,0.21300667524337769,-0.21301959455013275,-0.0648023784160614,-0.5404410362243652,0.04438933730125427,-0.008196340873837471,-0.07011505216360092,0.0,-1.5300722122192383,2.5,0.0,0.0,0.053453896194696426
32,close,-1.0,-2.656961623870302e-05,0.038079384714365005,0.0018488093046471477,1.5698821544647217,-0.0001583532284712419,-2.9052921526884212e-11,-0.5103151798248291,0.44585084915161133,0.5118436813354492,-0.4643614888191223,0.0007443080539815128,-0.09130046516656876,-0.005896780639886856,0.0005223960033617914,0.0033068121410906315,-1.1711566912708804e-05,-0.20387203991413116,0.1870115101337433,0.20386023819446564,-0.20387203991413116,-0.057676494121551514,-0.5394468307495117,0.0437970906496048,-0.006883073598146439,-0.062103308737277985,0.0,-1.3775582313537598,2.5,0.0,0.0,0.053166862577199936
33,close,-1.0,-2.8745615054504015e-05,0.03852730616927147,0.0018540752353146672,1.5698776245117188,-0.000172380794538185,-5.776828234521636e-12,-0.5155323147773743,0.4474702477455139,0.5170738697052002,-0.46910256147384644,0.0006666225963272154,-0.09248613566160202,-0.005897637456655502,0.000492024642881006,0.002966050524264574,-1.0601784197206143e-05,-0.19536718726158142,0.17830877006053925,0.19535648822784424,-0.19536718726158142,-0.05086488649249077,-0.5385112762451172,0.04320825636386871,-0.005593376234173775,-0.05441723391413689,0.0,-1.2313511371612549,2.5,0.0,0.0,0.05289756879210472
34,close,-1.0,-3.086608921876177e-05,0.038952454924583435,0.0018583887722343206,1.5698730945587158,-0.00018623951473273337,1.9122968833440446e-11,-0.5204457640647888,0.44897982478141785,0.5219996571540833,-0.4737612307071686,0.0005929031176492572,-0.09361141920089722,-0.005896212067455053,0.0004633126372937113,0.002642266917973757,-9.492237950325944e-06,-0.18743669986724854,0.17026403546333313,0.1874271035194397,-0.18743669986724854,-0.04437848925590515,-0.5376043319702148,0.04261206090450287,-0.004347245208919048,-0.04707345366477966,0.0,-1.0917689800262451,2.5,0.0,0.0,0.05264478921890259
35,close,-1.0,-3.293008194305003e-05,0.03935600072145462,0.0018618381582200527,1.569868564605713,-0.00019990478176623583,2.05465054692322e-11,-0.5250732898712158,0.4503895342350006,0.5266386270523071,-0.4783325791358948,0.0005231717950664461,-0.0946795642375946,-0.005892306566238403,0.00043580224155448377,0.0023357009049504995,-8.388992682739627e-06,-0.18002261221408844,0.16281095147132874,0.18001411855220795,-0.18002262711524963,-0.03822232782840729,-0.5367608070373535,0.042023032903671265,-0.003144620917737484,-0.040081821382045746,0.0,-0.9589817523956299,2.5,0.0,0.0,0.05240742489695549
36,close,-1.0,-3.49369365721941e-05,0.03973904252052307,0.0018645022064447403,1.56986403465271,-0.0002133556263288483,2.977739582687988e-11,-0.5294316411018372,0.4517080783843994,0.5310077667236328,-0.48281198740005493,0.00045737242908217013,-0.09569326043128967,-0.0058868443593382835,0.0004100442456547171,0.0020462346728891134,-7.29896237317007e-06,-0.1730777770280838,0.15589433908462524,0.17307037115097046,-0.1730777770280838,-0.03239480033516884,-0.5359516143798828,0.04144355654716492,-0.001983366906642914,-0.03344422206282616,0.0,-0.8330078125,2.5,0.0,0.0,0.05218439921736717
37,close,-1.0,-3.688646756927483e-05,0.040102627128362656,0.0018664535600692034,1.5698597431182861,-0.00022657417866867036,3.481091803703151e-11,-0.5335361361503601,0.45294302701950073,0.5351223945617676,-0.48719510436058044,0.00039542707963846624,-0.09665551781654358,-0.005879737436771393,0.00038550718454644084,0.001773624331690371,-6.235379260033369e-06,-0.16655901074409485,0.14946360886096954,0.16655266284942627,-0.16655899584293365,-0.026890145614743233,-0.5351929664611816,0.040881216526031494,-0.0008792048320174217,-0.02715710550546646,0.0,-0.7137787342071533,2.5,0.0,0.0,0.051974792033433914
38,close,-1.0,-3.8778533053118736e-05,0.04044773802161217,0.0018677624175325036,1.5698554515838623,-0.00023954549396876246,4.0857563859963975e-11,-0.5374020338058472,0.4541011154651642,0.5389975309371948,-0.49147799611091614,0.0003371938946656883,-0.097569040954113,-0.0058709969744086266,0.00036218977766111493,0.0015173123683780432,-5.195478024688782e-06,-0.16043227910995483,0.14347760379314423,0.16042697429656982,-0.16043229401111603,-0.021700337529182434,-0.5344738960266113,0.04032731056213379,0.0001880750060081482,-0.021214567124843597,0.0,-0.6011366844177246,2.5,0.0,0.0,0.05177775025367737
39,close,-1.0,-4.061358777107671e-05,0.04077531397342682,0.0018684883834794164,1.5698511600494385,-0.00025225718854926527,5.533669009127884e-11,-0.5410428643226624,0.4551880955696106,0.5426473021507263,-0.4956572353839874,0.0002825494739226997,-0.0984359160065651,-0.0058610402047634125,0.0003404606250114739,0.0012768340529873967,-4.188352249911986e-06,-0.15466488897800446,0.13789717853069305,0.15466058254241943,-0.15466488897800446,-0.0168142132461071,-0.5338006019592285,0.03979663550853729,0.0012045921757817268,-0.015606222674250603,0.0,-0.49491286277770996,2.5,0.0,0.0,0.05159245431423187
40,close,-1.0,-4.23919154854957e-05,0.041086260229349136,0.0018686891999095678,1.5698468685150146,-0.000264699017861858,7.018353953558432e-11,-0.5444719791412354,0.4562092125415802,0.546084463596344,-0.4997301697731018,0.00023132973001338542,-0.09925863146781921,-0.005850486923009157,0.00032042735256254673,0.0010515132453292608,-3.2120731248141965e-06,-0.14923077821731567,0.13269026577472687,0.14922744035720825,-0.14923077821731567,-0.012219741009175777,-0.5331516265869141,0.03928409516811371,0.002174798399209976,-0.010320678353309631,0.0,-0.39485764503479004,2.5,0.0,0.0,0.051418133080005646
41,close,-1.0,-4.4114327465649694e-05,0.041381414979696274,0.0018684189999476075,1.56984281539917,-0.0002768628182820976,6.483621278752238e-11,-0.5477012991905212,0.45716914534568787,0.549321711063385,-0.5036943554878235,0.00018337566871196032,-0.10003965348005295,-0.005838870070874691,0.0003014284302480519,0.0008406823617406189,-2.2732692741556093e-06,-0.14410504698753357,0.1278265416622162,0.14410264790058136,-0.14410510659217834,-0.007904465310275555,-0.5325584411621094,0.03877714276313782,0.00308873038738966,-0.005345928482711315,0.0,-0.30074214935302734,2.5,0.0,0.0,0.05125418305397034
42,close,-1.0,-4.5781489461660385e-05,0.0416615828871727,0.0018677279585972428,1.5698390007019043,-0.00028874215786345303,8.837125475835705e-11,-0.5507427453994751,0.45807209610939026,0.552370548248291,-0.507547914981842,0.00013852398842573166,-0.1007809042930603,-0.005826406646519899,0.00028345134342089295,0.0006436534458771348,-1.3697596159545355e-06,-0.13926711678504944,0.12328033894300461,0.13926561176776886,-0.13926713168621063,-0.003854835405945778,-0.5319833755493164,0.03829281032085419,0.003958807326853275,-0.000667809508740902,0.0,-0.21228456497192383,2.5,0.0,0.0,0.05109990015625954
43,close,-1.0,-4.739442010759376e-05,0.041927520185709,0.0018666618270799518,1.5698351860046387,-0.00030033214716240764,8.880819690748609e-11,-0.5536073446273804,0.45892196893692017,0.5552420020103455,-0.511289656162262,9.659310308052227e-05,-0.10148455202579498,-0.005813056603074074,0.0002665395732037723,0.00045964744640514255,-5.052155529483571e-07,-0.1346975415945053,0.11902746558189392,0.13469690084457397,-0.1346975713968277,-5.7223252952098846e-05,-0.5314512252807617,0.037835583090782166,0.0047921957448124886,0.003727429546415806,0.0,-0.12920761108398438,2.5,0.0,0.0,0.050954706966876984
44,close,-1.0,-4.895397069049068e-05,0.04217996448278427,0.001865257858298719,1.569831371307373,-0.00031162952654995024,1.0008815998219234e-10,-0.5563052296638489,0.4597220718860626,0.5579462051391602,-0.5149188041687012,5.742189023294486e-05,-0.10215216130018234,-0.005800199694931507,0.00025122103397734463,0.0002879631065297872,3.249530777793552e-07,-0.1303797960281372,0.1150474026799202,0.13037998974323273,-0.130379781126976,0.0035024257376790047,-0.5309476852416992,0.037385374307632446,0.005579867400228977,0.007854696363210678,0.0,-0.05124402046203613,2.5,0.0,0.0,0.0508180595934391
45,close,-1.0,-5.046128717367537e-05,0.04241958260536194,0.0018635583110153675,1.5698280334472656,-0.0003226322296541184,1.0128324567926228e-10,-0.558846116065979,0.4604756832122803,0.5604931116104126,-0.5184349417686462,2.0853774913121015e-05,-0.10278595238924026,-0.0057861581444740295,0.00023645903274882585,0.0001279227581107989,1.1115369034087053e-06,-0.12629739940166473,0.11131972074508667,0.12629838287830353,-0.12629742920398712,0.0068369717337191105,-0.53045654296875,0.03695811331272125,0.006309108342975378,0.011727726086974144,0.0,0.02188706398010254,2.5,0.0,0.0,0.050689443945884705
46,close,-1.0,-5.191744276089594e-05,0.04264705628156662,0.00186159648001194,1.5698249340057373,-0.00033333926694467664,1.261929311047183e-10,-0.5612391829490662,0.4611857235431671,0.562891960144043,-0.5218385457992554,-1.3268272596178576e-05,-0.10338760912418365,-0.0057723685167729855,0.00022227878798730671,-2.1167972590774298e-05,1.8680148059502244e-06,-0.12243659794330597,0.10782739520072937,0.12243832647800446,-0.12243659794330597,0.00995922926813364,-0.5300121307373047,0.03655311465263367,0.0070058424025774,0.015359939076006413,0.0,0.09044003486633301,2.5,0.0,0.0,0.05056838318705559
47,close,-1.0,-5.33235797774978e-05,0.04286297783255577,0.001859402982518077,1.569821834564209,-0.00034375066752545536,1.2844401930944827e-10,-0.5634931325912476,0.4618549942970276,0.5651512145996094,-0.5251293182373047,-4.5094246161170304e-05,-0.10395878553390503,-0.005757991224527359,0.0002089352929033339,-0.000159974122652784,2.5816086690610973e-06,-0.11878412216901779,0.10455392301082611,0.11878656595945358,-0.11878414452075958,0.012881971895694733,-0.5295929908752441,0.036169975996017456,0.007669406943023205,0.018765335902571678,0.0,0.15468597412109375,2.5,0.0,0.0,0.050454363226890564
48,close,-1.0,-5.468084054882638e-05,0.04306793585419655,0.001857010181993246,1.5698187351226807,-0.0003538674209266901,1.278384759162421e-10,-0.5656156539916992,0.46248582005500793,0.5672788619995117,-0.5283085107803345,-7.477343751816079e-05,-0.10450086742639542,-0.005743612069636583,0.00019680772675201297,-0.00028914830181747675,3.2637467484164517e-06,-0.11532801389694214,0.10148458927869797,0.11533114314079285,-0.11532802879810333,0.015617487020790577,-0.5291910171508789,0.03579619526863098,0.008300833404064178,0.02195727452635765,0.0,0.21488046646118164,2.5,0.0,0.0,0.050347086042165756
49,close,-1.0,-5.5990443797782063e-05,0.04326248914003372,0.0018544414779171348,1.5698156356811523,-0.00036369121517054737,1.4040192619635405e-10,-0.5676149129867554,0.46308061480522156,0.569282591342926,-0.5313774943351746,-0.00010243434371659532,-0.10501527786254883,-0.005729191470891237,0.00018590915715321898,-0.00040927203372120857,3.91022103940486e-06,-0.11205800622701645,0.09860685467720032,0.11206177622079849,-0.11205801367759705,0.018175935372710228,-0.5288105010986328,0.035450637340545654,0.008891386911273003,0.02494669333100319,0.0,0.2712278366088867,2.5,0.0,0.0,0.0502459742128849
50,open,1.0,-5.725360824726522e-05,0.043447162955999374,0.0018517227144911885,1.569812297821045,-0.0003732243785634637,1.2094787671390606e-10,-0.5694978833198547,0.46364137530326843,0.5711697340011597,-0.5343372821807861,-0.00012821124983020127,-0.10550346225500107,-0.00571488868445158,0.00017630000365898013,-0.0005209460505284369,4.520209131442243e-06,-0.10896207392215729,0.0959063172340393,0.10896645486354828,-0.10896207392215729,0.02056938223540783,-0.5284690856933594,0.03511664271354675,0.00946171022951603,0.02774697169661522,0.0,0.32399797439575195,2.5,0.0,0.0,0.050150834023952484
51,open,1.0,-4.958194767823443e-05,0.043616797775030136,0.0018454516539350152,1.5698171854019165,-0.0003435062535572797,-2.3689625261447134e-10,-0.5394978523254395,0.45614588260650635,0.541172981262207,-0.5283517241477966,-0.004275432787835598,-0.10633949190378189,-0.005004770588129759,-0.002073821611702442,-0.019510062411427498,9.473555837757885e-05,1.1043715476989746,-1.1099985837936401,-1.1042768955230713,1.1043716669082642,0.7037785053253174,-0.4771842956542969,-0.03666050732135773,0.1538171023130417,0.8135766386985779,0.0,2.5,-2.5,0.0,0.0,0.0516146644949913
52,open,1.0,-4.914704186376184e-05,0.04378305748105049,0.0018402149435132742,1.5698168277740479,-0.0003408186894375831,-6.742638669621215e-10,-0.5094971656799316,0.4304506778717041,0.5111759901046753,-0.503162682056427,-0.0008811444276943803,-0.10647700726985931,-0.005591625347733498,-0.00020189554197713733,-0.0038879585918039083,2.1113810362294316e-05,1.4140264987945557,-1.416639804840088,-1.4140055179595947,1.4140263795852661,0.16793189942836761,-0.5160446166992188,0.02242840826511383,0.038553521037101746,0.19539165496826172,0.0,2.5,-0.3018913269042969,0.0,0.0,0.05381185933947563
53,open,1.0,-4.9553316785022616e-05,0.04394146800041199,0.0018360457615926862,1.5698155164718628,-0.00034348483313806355,-2.0259699473612613e-10,-0.4799296259880066,0.40114638209342957,0.481611967086792,-0.4741668105125427,-0.00019307169714011252,-0.10683024674654007,-0.005696501117199659,0.00017303324420936406,-0.0007233022479340434,5.515010343515314e-06,1.4179295301437378,-1.4200823307037354,-1.417924165725708,1.4179295301437378,0.042039431631565094,-0.5252056121826172,0.03443607687950134,0.01302311196923256,0.0506652370095253,0.0,0.813629150390625,2.5,0.0,0.0,0.05614548549056053
54,open,1.0,-4.9690628657117486e-05,0.044091589748859406,0.001831847708672285,1.569814682006836,-0.0003454091493040323,1.352458145476021e-10,-0.45200520753860474,0.3735327124595642,0.4536907374858856,-0.4468317925930023,-0.00046282383846119046,-0.1072624996304512,-0.005641119554638863,3.5215343814343214e-05,-0.0019141141092404723,1.1520919542817865e-05,1.3095964193344116,-1.3116023540496826,-1.3095849752426147,1.3095964193344116,0.029864810407161713,-0.5252456665039062,0.035608842968940735,0.010409034788608551,0.03658665716648102,0.0,0.5407028198242188,2.5,0.0,0.0,0.05835423246026039
55,open,1.0,-4.906749018118717e-05,0.04423360899090767,0.0018273154273629189,1.5698145627975464,-0.00034391856752336025,3.0271088413691416e-10,-0.42570576071739197,0.3492782413959503,0.4273940622806549,-0.42277222871780396,-0.0010402902262285352,-0.10770048201084137,-0.005536132026463747,-0.0002711466804612428,-0.004445567727088928,2.4353692424483597e-05,1.1785780191421509,-1.179933786392212,-1.1785537004470825,1.1785780191421509,0.06937924027442932,-0.5213899612426758,0.031972795724868774,0.018259385600686073,0.08025341480970383,0.0,1.4356517791748047,2.5,0.0,0.0,0.06036921963095665
56,open,1.0,-4.76654022349976e-05,0.04436798766255379,0.001822425052523613,1.5698151588439941,-0.0003386279277037829,3.5050762292598847e-10,-0.40093663334846497,0.32848113775253296,0.40262749791145325,-0.4019652009010315,-0.001585475169122219,-0.10811351984739304,-0.005440114066004753,-0.0005593039095401764,-0.006792948581278324,3.6543788155540824e-05,1.0551971197128296,-1.0552539825439453,-1.0551607608795166,1.0551971197128296,0.11573736369609833,-0.5170888900756836,0.02786538004875183,0.02749544568359852,0.13068333268165588,0.0,2.484556198120117,2.0112037658691406,0.0,0.0,0.06218816339969635
57,open,1.0,-4.5589025830850005e-05,0.04449526220560074,0.0018172692507505417,1.5698167085647583,-0.0003298724186606705,3.4179498120678886e-10,-0.3776087760925293,0.31075531244277954,0.3793020248413086,-0.3839142918586731,-0.0020091875921934843,-0.10849431902170181,-0.005369842983782291,-0.0007778139552101493,-0.008576607331633568,4.615599391399883e-05,0.9471023082733154,-0.9453315138816833,-0.9470561742782593,0.9471023082733154,0.15445321798324585,-0.5135025978088379,0.024683386087417603,0.03506936505436897,0.1719379723072052,0.0,2.5,0.8108310699462891,0.0,0.0,0.06382850557565689
58,open,1.0,-4.296585393603891e-05,0.044615890830755234,0.0018119484884664416,1.5698186159133911,-0.00031816118280403316,3.522827030089104e-10,-0.35563838481903076,0.29562684893608093,0.3573337495326996,-0.3680660128593445,-0.0023045376874506474,-0.10884299874305725,-0.005326259881258011,-0.0009223714587278664,-0.009783024899661541,5.30292782059405e-05,0.8545995354652405,-0.8506449460983276,-0.8545465469360352,0.8545995354652405,0.18263277411460876,-0.5108723640441895,0.02277301251888275,0.04035466909408569,0.20116445422172546,0.0,2.5,-0.2503929138183594,0.0,0.0,0.06531163305044174
59,open,1.0,-3.9914153603604063e-05,0.04473032429814339,0.0018065586918964982,1.569820523262024,-0.00030400094692595303,3.199656928298822e-10,-0.3349464237689972,0.282656729221344,0.33664366602897644,-0.3539332151412964,-0.002488700207322836,-0.10916228592395782,-0.005304750520735979,-0.0010024020448327065,-0.010500317439436913,5.749940828536637e-05,0.7758891582489014,-0.7695523500442505,-0.7758316993713379,0.7758891582489014,0.2010306715965271,-0.5091619491577148,0.021983250975608826,0.04352688044309616,0.21949340403079987,0.0,2.5,-1.163290023803711,0.0,0.0,0.06665759533643723
60,open,1.0,-3.6535260733217e-05,0.04483890160918236,0.0018011772772297263,1.5698224306106567,-0.0002878451196011156,2.8491004000485987e-10,-0.3154584765434265,0.27147048711776733,0.3171573579311371,-0.3411199152469635,-0.0025833724066615105,-0.10945585370063782,-0.005300215445458889,-0.001031428691931069,-0.010831874795258045,6.001471047056839e-05,0.7088028788566589,-0.7000126242637634,-0.7087428569793701,0.7088029384613037,0.2113238126039505,-0.5082263946533203,0.022074952721595764,0.0449594110250473,0.22897012531757355,0.0,2.5,-1.9424152374267578,0.0,0.0,0.06788390874862671
61,open,1.0,-3.2912834285525605e-05,0.0449419841170311,0.0017958631506189704,1.5698245763778687,-0.0002700847398955375,2.3845070362682463e-10,-0.29710450768470764,0.26175934076309204,0.29880499839782715,-0.32931599020957947,-0.002608619164675474,-0.10972664505243301,-0.005307484418153763,-0.0010226693702861667,-0.010870307683944702,6.097832374507561e-05,0.6513427495956421,-0.6401239633560181,-0.6512818336486816,0.6513427495956421,0.21523302793502808,-0.5078907012939453,0.022797033190727234,0.04505262151360512,0.23160889744758606,0.0,2.5,-2.5,0.0,0.0,0.0690055713057518
62,open,1.0,-2.9115397410350852e-05,0.045039866119623184,0.0017906628781929612,1.5698267221450806,-0.00025105272652581334,2.079239697083679e-10,-0.2798185348510742,0.2532709836959839,0.2815204858779907,-0.3182828426361084,-0.00258130906149745,-0.10997744649648666,-0.0053222267888486385,-0.0009871694492176175,-0.010691753588616848,6.074177144910209e-05,0.6018114686012268,-0.5882588624954224,-0.6017507314682007,0.6018114686012268,0.21425515413284302,-0.5080347061157227,0.023954376578330994,0.04418530315160751,0.22911620140075684,0.0,2.5,-2.5,0.0,0.0,0.07003509253263474
63,open,1.0,-2.5198580260621384e-05,0.0451328419148922,0.001785607310011983,1.5698288679122925,-0.0002310318232048303,1.7618421999099354e-10,-0.26353833079338074,0.2458009570837021,0.2652416527271271,-0.3078400492668152,-0.0025151041336357594,-0.11021088063716888,-0.0053417575545609,-0.0009329775348305702,-0.010356603190302849,5.958617839496583e-05,0.5588117241859436,-0.543068528175354,-0.558752179145813,0.5588117837905884,0.20962032675743103,-0.5085277557373047,0.025349199771881104,0.042639605700969696,0.2228681892156601,0.0,2.5,-2.5,0.0,0.0,0.07098303735256195
64,open,1.0,-2.120722820109222e-05,0.04522118344902992,0.001780721708200872,1.5698310136795044,-0.0002102613652823493,1.3566631151817887e-10,-0.24820545315742493,0.23918290436267853,0.24991008639335632,-0.2978527247905731,-0.0024208298418670893,-0.11042886972427368,-0.005362971220165491,-0.0008667688816785812,-0.009911996312439442,5.773971133749001e-05,0.5212067365646362,-0.503447949886322,-0.5211490392684937,0.5212067365646362,0.2023135870695114,-0.5092711448669434,0.02687351405620575,0.0406402125954628,0.21394628286361694,0.0,2.5,-2.5,0.0,0.0,0.07185839116573334
65,open,1.0,-1.7177775589516386e-05,0.04530513659119606,0.0017760270275175571,1.5698330402374268,-0.00018894439563155174,1.2547815564367681e-10,-0.23376484215259552,0.2332819253206253,0.2354704737663269,-0.2882215678691864,-0.0023070203606039286,-0.11063309758901596,-0.005384336691349745,-0.0007937281625345349,-0.009394288994371891,5.5388969485647976e-05,0.4880746901035309,-0.46849459409713745,-0.48801928758621216,0.4880746901035309,0.1931125968694687,-0.5102043151855469,0.028412774205207825,0.03836291283369064,0.20319099724292755,0.0,2.5,-2.5,0.0,0.0,0.07266878336668015
66,open,1.0,-1.3139338989276439e-05,0.04538494721055031,0.0017715313006192446,1.5698349475860596,-0.00016725313616916537,6.07679878639189e-11,-0.2201644629240036,0.2279880791902542,0.2218710482120514,-0.27887505292892456,-0.002180272713303566,-0.11082492768764496,-0.005405312869697809,-0.0007168118609115481,-0.008831112645566463,5.267553933663294e-05,0.45867273211479187,-0.4374748170375824,-0.4586200416088104,0.4586727023124695,0.18262504041194916,-0.511263370513916,0.02992035448551178,0.03594912961125374,0.19124554097652435,0.0,2.5,-2.5,0.0,0.0,0.07342065870761871
67,open,1.0,-9.11551160243107e-06,0.045460816472768784,0.001767243375070393,1.5698368549346924,-0.00014533397916238755,1.2945972419076135e-11,-0.20735549926757812,0.22321158647537231,0.20906296372413635,-0.2697623670101166,-0.0020456952042877674,-0.11100559681653976,-0.00542425038293004,-0.0006393978837877512,-0.00824352540075779,4.97172586619854e-05,0.4323976933956146,-0.409787654876709,-0.4323479235172272,0.43239766359329224,0.17132019996643066,-0.5123910903930664,0.0313522070646286,0.03347252681851387,0.17860126495361328,0.0,2.5,-2.5,0.0,0.0,0.07411962002515793
68,open,1.0,-5.124983999849064e-06,0.0455329492688179,0.0017631662776693702,1.569838523864746,-0.0001233111834153533,1.8505984938910203e-11,-0.19529180228710175,0.21887899935245514,0.19700010120868683,-0.2608489990234375,-0.0019071974093094468,-0.111176036298275,-0.005441338289529085,-0.0005630296654999256,-0.0076471916399896145,4.6610675781266764e-05,0.40876123309135437,-0.3849417567253113,-0.4087145924568176,0.40876126289367676,0.15956173837184906,-0.5135717391967773,0.03266704082489014,0.031022483482956886,0.16562920808792114,0.0,2.5,-2.5,0.0,0.0,0.07477056235074997
69,open,1.0,-1.1827839898614911e-06,0.045601535588502884,0.0017592995427548885,1.5698400735855103,-0.00010129014845006168,-4.599516253978031e-11,-0.18393003940582275,0.21492978930473328,0.18563906848430634,-0.25211217999458313,-0.0017677485011518002,-0.11133728176355362,-0.005456297658383846,-0.0004890540149062872,-0.007053852081298828,4.3420488509582356e-05,0.38736552000045776,-0.36253219842910767,-0.3873220682144165,0.38736552000045776,0.14762458205223083,-0.5147528648376465,0.033873334527015686,0.02862486243247986,0.15260595083236694,0.0,2.5,-2.5,0.0,0.0,0.07537764310836792
70,open,1.0,2.699242713788408e-06,0.04566676914691925,0.001755641889758408,1.5698415040969849,-7.936033944133669e-05,-9.12497299943027e-11,-0.1732293963432312,0.21131421625614166,0.1749390959739685,-0.2435382455587387,-0.0016295606037601829,-0.11148980259895325,-0.0054691750556230545,-0.000417906092479825,-0.0064719198271632195,4.0208000427810475e-05,0.3678867220878601,-0.34222573041915894,-0.36784645915031433,0.3678867220878601,0.13571733236312866,-0.5159330368041992,0.03494386374950409,0.02632821351289749,0.13973593711853027,0.0,2.5,-2.5,0.0,0.0,0.07594455033540726
71,open,1.0,6.5116523728647735e-06,0.04572882130742073,0.001752191223204136,1.5698429346084595,-5.759737177868374e-05,-1.1182996195735484e-10,-0.16315142810344696,0.2079908549785614,0.16486164927482605,-0.23511993885040283,-0.001494256081059575,-0.11163442581892014,-0.0054795932956039906,-0.00035061073140241206,-0.005907409358769655,3.701803143485449e-05,0.35006093978881836,-0.3237472474575043,-0.35002386569976807,0.35006096959114075,0.12399418652057648,-0.5170879364013672,0.03588123619556427,0.024139968678355217,0.1271665394306183,0.0,2.5,-2.5,0.0,0.0,0.07647453248500824
72,open,1.0,1.0247281352349091e-05,0.04578784480690956,0.0017489384626969695,1.569844126701355,-3.60650519724004e-05,-1.6753892717602525e-10,-0.15365983545780182,0.20492535829544067,0.1553705632686615,-0.22685466706752777,-0.0013630044413730502,-0.11177166551351547,-0.005488126073032618,-0.0002875591744668782,-0.005364496260881424,3.387651304365136e-05,0.33367031812667847,-0.3068665862083435,-0.3336363434791565,0.33367037773132324,0.11256734281778336,-0.5182147026062012,0.036715611815452576,0.02208411693572998,0.11500130593776703,0.0,2.5,-2.5,0.0,0.0,0.07697053253650665
73,open,1.0,1.390042234561406e-05,0.045843999832868576,0.0017458813963457942,1.5698453187942505,-1.4817112969467416e-05,-1.714871994407119e-10,-0.14472053945064545,0.20208868384361267,0.14643168449401855,-0.21874301135540009,-0.0012366054579615593,-0.11190197616815567,-0.0054947081953287125,-0.00022848293883726,-0.004845745861530304,3.081924660364166e-05,0.3185363709926605,-0.29139262437820435,-0.31850552558898926,0.3185364603996277,0.10151584446430206,-0.5193161964416504,0.037428855895996094,0.02014954388141632,0.10330982506275177,0.0,2.4282712936401367,-2.5,0.0,0.0,0.07743509113788605
74,open,1.0,1.746703128446825e-05,0.04589742794632912,0.001743009896017611,1.569846510887146,6.101731742091943e-06,-2.064808601875967e-10,-0.1363014578819275,0.1994565725326538,0.13801290094852448,-0.2107875645160675,-0.001115604187361896,-0.1120259165763855,-0.005499472841620445,-0.00017360664787702262,-0.00435287319123745,2.785554352158215e-05,0.30450984835624695,-0.2771631181240082,-0.3044819235801697,0.30450984835624695,0.09089341014623642,-0.5203733444213867,0.03805163502693176,0.01834758184850216,0.09213588386774063,0.0,2.1990108489990234,-2.5,0.0,0.0,0.07787053287029266
75,open,1.0,2.094407864206005e-05,0.04594826698303223,0.0017403204692527652,1.569847583770752,2.6654144676285796e-05,-2.382695429847814e-10,-0.1283722072839737,0.19700835645198822,0.13008396327495575,-0.20299236476421356,-0.0010003061033785343,-0.11214374005794525,-0.005502884741872549,-0.0001230721245519817,-0.003886497812345624,2.4996703359647654e-05,0.29146790504455566,-0.26404261589050293,-0.2914428114891052,0.29146790504455566,0.08073478192090988,-0.5213704109191895,0.038561731576919556,0.01667284592986107,0.0815056562423706,0.0,1.9791951179504395,-2.5,0.0,0.0,0.07827890664339066
76,open,1.0,2.4329312509507872e-05,0.04599664732813835,0.0017378028715029359,1.5698485374450684,4.6809604100417346e-05,-2.493613371346015e-10,-0.12090428918600082,0.1947263777256012,0.12261635810136795,-0.19536198675632477,-0.0008908610325306654,-0.1122557669878006,-0.005504889413714409,-7.59520917199552e-05,-0.003446810180321336,2.2258192984736525e-05,0.27930697798728943,-0.25191521644592285,-0.27928465604782104,0.27930697798728943,0.07105808705091476,-0.5223393440246582,0.03899812698364258,0.015130686573684216,0.07142771035432816,0.0,1.769273281097412,-2.5,0.0,0.0,0.07866211980581284
77,open,1.0,2.762147232715506e-05,0.04604267328977585,0.0017354482552036643,1.5698494911193848,6.654320168308914e-05,-2.866735737683257e-10,-0.11387092620134354,0.1925954520702362,0.11558324098587036,-0.18790118396282196,-0.0007873143767938018,-0.11236266046762466,-0.005505774635821581,-3.2474781619384885e-05,-0.0030334992334246635,1.963871909538284e-05,0.267939031124115,-0.24068103730678558,-0.26791927218437195,0.267939031124115,0.06187090650200844,-0.5232558250427246,0.03936341404914856,0.013697147369384766,0.061901338398456573,0.0,1.5695223808288574,-2.5,0.0,0.0,0.07902190089225769
78,open,1.0,3.081999238929711e-05,0.04608646407723427,0.0017332496354356408,1.5698504447937012,8.58350467751734e-05,-2.939287147007974e-10,-0.10724681615829468,0.19060248136520386,0.10895933210849762,-0.18061453104019165,-0.0006896056002005935,-0.11246400326490402,-0.005505894776433706,7.240712875500321e-06,-0.0026459149084985256,1.714621794235427e-05,0.25728970766067505,-0.2302546203136444,-0.25727248191833496,0.25728973746299744,0.053172558546066284,-0.5241141319274902,0.03965333104133606,0.012371287681162357,0.0529186874628067,0.0,1.3799834251403809,-2.5,0.0,0.0,0.07935984432697296
79,open,1.0,3.3924738090718165e-05,0.046128157526254654,0.0017311988631263375,1.569851279258728,0.00010466982348589227,-3.22629256643836e-10,-0.10100815445184708,0.18873588740825653,0.10272080451250076,-0.17350636422634125,-0.0005976098473183811,-0.1125609278678894,-0.005505071021616459,4.3651642045006156e-05,-0.002283221110701561,1.4774443116039038e-05,0.24729523062705994,-0.22056157886981964,-0.24728037416934967,0.24729523062705994,0.044955335557460785,-0.5249319076538086,0.039882078766822815,0.011154253035783768,0.04446487873792648,0.0,1.2005572319030762,-2.5,0.0,0.0,0.07967735826969147
80,open,1.0,3.693598409881815e-05,0.04616783186793327,0.0017292882548645139,1.5698517560958862,0.00012303580297157168,-3.470737863775497e-10,-0.09513252973556519,0.18698573112487793,0.09684523940086365,-0.1665804535150528,-0.0005111479549668729,-0.11265287548303604,-0.005503734108060598,7.791686221025884e-05,-0.0019443578785285354,1.2528371371445246e-05,0.237901508808136,-0.21153806149959564,-0.2378888726234436,0.23790153861045837,0.03720745071768761,-0.5257234573364258,0.040078818798065186,0.010053668171167374,0.03652181848883629,0.0,1.0310444831848145,-2.5,0.0,0.0,0.07997581362724304
81,open,1.0,3.98545125790406e-05,0.04620559886097908,0.0017275118734687567,1.5698517560958862,0.0001409245451213792,-3.7310077249941287e-10,-0.08959877490997314,0.18534314632415771,0.09131153672933578,-0.1598399132490158,-0.00043001791345886886,-0.11274085193872452,-0.005501280073076487,0.00011024573177564889,-0.0016282206634059548,1.0398950507806148e-05,0.22906026244163513,-0.20312662422657013,-0.22904975712299347,0.22906029224395752,0.029913514852523804,-0.5264534950256348,0.04020613431930542,0.009040853008627892,0.029068714007735252,0.0,0.8711681365966797,-2.5,0.0,0.0,0.08025632798671722
82,open,1.0,4.268114935257472e-05,0.04624154791235924,0.001725859590806067,1.5698516368865967,0.0001583307166583836,-3.9881098423677486e-10,-0.08438703417778015,0.18380020558834076,0.0860997885465622,-0.15328717231750488,-0.0003539858153089881,-0.11282448470592499,-0.005498911254107952,0.00014041604299563915,-0.001333629130385816,8.387196430703625e-06,0.22073045372962952,-0.19527791440486908,-0.22072196006774902,0.22073042392730713,0.023054763674736023,-0.5271482467651367,0.04032087326049805,0.008094968274235725,0.0220818892121315,0.0,0.720557689666748,-2.5,0.0,0.0,0.0805201530456543
83,open,1.0,4.541711678029969e-05,0.04627576470375061,0.0017243268666788936,1.5698513984680176,0.0001752512325765565,-3.905454293295918e-10,-0.07947852462530136,0.1823497861623764,0.0811912789940834,-0.1469239741563797,-0.00028280416154302657,-0.11290428042411804,-0.0054960488341748714,0.0001688106858637184,-0.0010593646438792348,6.494647095678374e-06,0.21287532150745392,-0.18794742226600647,-0.21286872029304504,0.21287530660629272,0.01661182940006256,-0.5277891159057617,0.04037363827228546,0.007235344965010881,0.015537666156888008,0.0,0.5788383483886719,-2.5,0.0,0.0,0.08076828718185425
84,open,1.0,4.80638409499079e-05,0.04630832374095917,0.0017229028744623065,1.5698509216308594,0.00019168514700140804,-4.140719989109698e-10,-0.07485563308000565,0.18098552525043488,0.07656834274530411,-0.1407514065504074,-0.00021622453641612083,-0.11298011243343353,-0.005493368487805128,0.0001954300096258521,-0.0008042401168495417,4.706901108875172e-06,0.2054625004529953,-0.18109573423862457,-0.2054576873779297,0.2054625153541565,0.010565949603915215,-0.5284209251403809,0.04043653607368469,0.006444637198001146,0.00941311102360487,0.0,0.4456324577331543,-2.5,0.0,0.0,0.08100169897079468
85,open,1.0,5.0622802518773824e-05,0.04633932560682297,0.001721587497740984,1.5698504447937012,0.00020763374050147831,-4.305374112778537e-10,-0.07050174474716187,0.17970162630081177,0.07221440225839615,-0.1347699761390686,-0.00015400498523376882,-0.11305252462625504,-0.005489756353199482,0.0002201658207923174,-0.0005671223625540733,3.023026692972053e-06,0.19846197962760925,-0.17468641698360443,-0.19845885038375854,0.19846197962760925,0.004895850084722042,-0.5289936065673828,0.040445953607559204,0.00571118388324976,0.003683902323246002,0.0,0.3205118179321289,-2.5,0.0,0.0,0.08122127503156662
86,open,1.0,5.309578773449175e-05,0.04636882618069649,0.001720369327813387,1.569849967956543,0.00022309963242150843,-4.467053116297137e-10,-0.0664011687040329,0.17849278450012207,0.06811372190713882,-0.1289793998003006,-9.590668196324259e-05,-0.1131216511130333,-0.005486498586833477,0.00024290342116728425,-0.00034689754829742014,1.4378134665093967e-06,0.1918468028306961,-0.16868670284748077,-0.19184525310993195,0.1918468177318573,-0.00041780341416597366,-0.5295329093933105,0.04045209288597107,0.005034197121858597,-0.0016722269356250763,0.0,0.20308446884155273,-2.5,0.0,0.0,0.08142793923616409
87,open,1.0,5.5484564654761925e-05,0.04639691486954689,0.0017192444065585732,1.5698494911193848,0.00023808699916116893,-4.769067918353187e-10,-0.06253921240568161,0.17735429108142853,0.06425165385007858,-0.1233789250254631,-4.167990118730813e-05,-0.11318736523389816,-0.005483142100274563,0.00026409944985061884,-0.00014245137572288513,-5.118714341278974e-08,0.1855936348438263,-0.16306796669960022,-0.18559357523918152,0.1855936348438263,-0.005394240375608206,-0.5300512313842773,0.04043915867805481,0.004415513947606087,-0.006677278317511082,0.0,0.09294748306274414,-2.5,0.0,0.0,0.0816223993897438
88,open,1.0,5.7791025028564036e-05,0.04642365127801895,0.0017182051669806242,1.5698490142822266,0.00025260113761760294,-4.72635597326132e-10,-0.058901965618133545,0.1762816458940506,0.060614291578531265,-0.11796712875366211,8.906830771593377e-06,-0.11325022578239441,-0.00547937722876668,0.00028355440008454025,4.725355393020436e-05,-1.448199327569455e-06,0.17968034744262695,-0.15780340135097504,-0.1796816736459732,0.17968037724494934,-0.010053985752165318,-0.5305347442626953,0.04041258990764618,0.003841799683868885,-0.011353850364685059,0.0,-0.010320663452148438,-2.5,0.0,0.0,0.08180547505617142
89,open,1.0,6.0017118812538683e-05,0.04644911363720894,0.0017172480002045631,1.5698485374450684,0.00026664839242585003,-4.833595745878938e-10,-0.0554763525724411,0.17527085542678833,0.05718854442238808,-0.11274220794439316,5.607823914033361e-05,-0.11331000924110413,-0.0054757981561124325,0.0003015140537172556,0.00022322233417071402,-2.7623607365967473e-06,0.1740875542163849,-0.15286937355995178,-0.1740902066230774,0.17408758401870728,-0.01441560685634613,-0.5309901237487793,0.040370017290115356,0.0033193686977028847,-0.015722433105111122,0.0,-0.10710024833679199,-2.5,0.0,0.0,0.08197776228189468
90,open,1.0,6.216482142917812e-05,0.046473339200019836,0.0017163656884804368,1.5698479413986206,0.000280235952232033,-5.10126496600094e-10,-0.052250076085329056,0.1743181347846985,0.0539621040225029,-0.1077018603682518,0.00010005140211433172,-0.11336693912744522,-0.005472594406455755,0.0003183313529007137,0.0003863923775497824,-3.9972815102373715e-06,0.16879644989967346,-0.148243248462677,-0.16880032420158386,0.16879644989967346,-0.01849629357457161,-0.5314164161682129,0.040318697690963745,0.00283729936927557,-0.019801992923021317,0.0,-0.1977682113647461,-2.5,0.0,0.0,0.0821399837732315
91,open,1.0,6.423612649086863e-05,0.04649640619754791,0.0017155517125502229,1.5698472261428833,0.0002933718787971884,-5.081342013824042e-10,-0.049211535602808,0.17341996729373932,0.05092338100075722,-0.10284338146448135,0.0001410290424246341,-0.11342131346464157,-0.005469274707138538,0.00033438336686231196,0.000537637562956661,-5.150191555003403e-06,0.1637898087501526,-0.14390447735786438,-0.16379483044147491,0.16378983855247498,-0.02231411635875702,-0.5318140983581543,0.04027293622493744,0.0023999186232686043,-0.02361200749874115,0.0,-0.28268980979919434,-2.5,0.0,0.0,0.08229264616966248
92,open,1.0,6.623309309361503e-05,0.04651835933327675,0.0017148032784461975,1.569846510887146,0.00030606461223214865,-5.390074497846342e-10,-0.04634978994727135,0.17257311940193176,0.04806143417954445,-0.09816370159387589,0.00017920418758876622,-0.11347322911024094,-0.005465875379741192,0.0003493957337923348,0.0006777909584343433,-6.2357457863981836e-06,0.15905198454856873,-0.1398344486951828,-0.1590580940246582,0.1590520143508911,-0.02588515728712082,-0.5321850776672363,0.04021652042865753,0.0019908584654331207,-0.027169663459062576,0.0,-0.3622121810913086,-2.5,0.0,0.0,0.08243636041879654
93,open,1.0,6.815769302193075e-05,0.04653925448656082,0.0017141173593699932,1.5698457956314087,0.00031832343665882945,-5.367700728342584e-10,-0.043654561042785645,0.17177455127239227,0.04536600783467293,-0.09365946054458618,0.0002147552149835974,-0.11352246254682541,-0.005462548695504665,0.0003633657470345497,0.0008076250669546425,-7.254031061165733e-06,0.15456758439540863,-0.13601510226726532,-0.1545747071504593,0.15456756949424744,-0.029224708676338196,-0.532538890838623,0.04014742374420166,0.0016188882291316986,-0.030491475015878677,0.0,-0.4366624355316162,-2.5,0.0,0.0,0.08257171511650085
94,open,1.0,7.001205085543916e-05,0.04655914381146431,0.0017134868539869785,1.5698450803756714,0.00033015766530297697,-5.425846993922789e-10,-0.04111615568399429,0.17102143168449402,0.042827386409044266,-0.08932708948850632,0.00024786716676317155,-0.11356960237026215,-0.005459461361169815,0.00037642198731191456,0.0009278948418796062,-8.205055564758368e-06,0.15032348036766052,-0.1324310451745987,-0.1503315567970276,0.15032348036766052,-0.03234734386205673,-0.5328750610351562,0.0400872677564621,0.001268802210688591,-0.033592965453863144,0.0,-0.5063486099243164,-2.5,0.0,0.0,0.08269919455051422
95,open,1.0,7.179821841418743e-05,0.04657809063792229,0.0017129076877608895,1.569844365119934,0.00034157707705162466,-5.491633814358465e-10,-0.03872545436024666,0.1703111082315445,0.04043646529316902,-0.08516272902488708,0.0002786885015666485,-0.11361446976661682,-0.005456446669995785,0.00038871302967891097,0.0010392372496426105,-9.097524525714107e-06,0.1463058590888977,-0.12906643748283386,-0.1463148295879364,0.1463058590888977,-0.03526712581515312,-0.5331883430480957,0.04003484547138214,0.0009483145549893379,-0.03648883104324341,0.0,-0.571570634841919,-2.5,0.0,0.0,0.08281920105218887
96,open,1.0,7.351824751822278e-05,0.046596113592386246,0.0017123777652159333,1.5698437690734863,0.00035259194555692375,-5.700999672342277e-10,-0.03647385910153389,0.1696411818265915,0.03818463906645775,-0.08116237074136734,0.00030737678753212094,-0.11365735530853271,-0.00545366620644927,0.0003999625623691827,0.0011423105606809258,-9.937082722899504e-06,0.14250262081623077,-0.12590742111206055,-0.14251242578029633,0.14250266551971436,-0.03799644112586975,-0.5334663391113281,0.03995311260223389,0.0006515271961688995,-0.03919199854135513,0.0,-0.6325926780700684,-2.5,0.0,0.0,0.08293220400810242
97,open,1.0,7.517405902035534e-05,0.04661327600479126,0.0017118941759690642,1.5698432922363281,0.0003632123989518732,-5.56552415265088e-10,-0.034353286027908325,0.1690092235803604,0.03606383129954338,-0.07732180505990982,0.000334080308675766,-0.11369813233613968,-0.005450559314340353,0.0004100701189599931,0.0012377287494018674,-1.0719118108681869e-05,0.1389029324054718,-0.12294171005487442,-0.13891352713108063,0.1389029324054718,-0.040548212826251984,-0.5337429046630859,0.039895713329315186,0.000367497093975544,-0.0417163148522377,0.0,-0.6896989345550537,-2.5,0.0,0.0,0.08303863555192947
98,open,1.0,7.676760287722573e-05,0.04662960767745972,0.001711451099254191,1.5698426961898804,0.000373448827303946,-5.834739913446185e-10,-0.032356102019548416,0.16841313242912292,0.03406639024615288,-0.07363678514957428,0.00035893215681426227,-0.11373693495988846,-0.005448244512081146,0.0004194543289486319,0.001326044904999435,-1.1455799722170923e-05,0.13549602031707764,-0.12015721201896667,-0.13550733029842377,0.13549602031707764,-0.042934030294418335,-0.5340094566345215,0.03981952369213104,0.00011681392788887024,-0.04407360777258873,0.0,-0.7431368827819824,-2.5,0.0,0.0,0.0831388384103775
99,open,1.0,7.830092363292351e-05,0.0466451570391655,0.001711046090349555,1.569841980934143,0.0003833117079921067,-5.987571549681547e-10,-0.03047512285411358,0.1678508222103119,0.03218517079949379,-0.07010295242071152,0.00038204947486519814,-0.11377415806055069,-0.005445526447147131,0.00042874793871305883,0.001407711417414248,-1.2141264051024336e-05,0.1322704255580902,-0.11754141747951508,-0.13228242099285126,0.1322704553604126,-0.04516404867172241,-0.534247875213623,0.03975899517536163,-0.00010986533015966415,-0.04627455770969391,0.0,-0.7931258678436279,-2.5,0.0,0.0,0.08323325961828232
